{
  "display": {
    "title": "The Collective Canvas @ MESH by Cansy",
    "description": "Collaborate with others to create unique artworks",
    "navmapThumbnail": "images/scene-thumbnail.png",
    "favicon": "favicon_asset"
  },
  "owner": "",
  "contact": {
    "name": "Cansy",
    "email": "cansyland@gmail.com"
  },
  "main": "bin/game.js",
  "tags": [],
  "scene": {
    "parcels": ["-26,-125"],
    "base": "-26,-125"
  },
  "spawnPoints": [
    {
      "name": "spawn1",
      "default": true,
      "position": {
        "x": 0,
        "y": 0,
        "z": 0
      },
      "cameraTarget": {
        "x": 8,
        "y": 1,
        "z": 8
      }
    }
  ],
  "requiredPermissions": [],
  "featureToggles": {}
}
